13823	B-Whole	аппетит	8	15	neutral
13823	B-Service	встретил	138	146	neutral
13823	B-Service	девушка	179	186	neutral
13823	B-Service	проводила	188	197	neutral
13823	I-Service	к	69	70	neutral
13823	I-Service	столу	200	205	neutral
13823	B-Food	меню	213	217	positive
13823	B-Service	официантка	242	252	neutral
13823	B-Service	приняла	254	261	neutral
13823	I-Service	заказ	262	267	neutral
13823	B-Whole	ресторан	337	345	neutral
13823	B-Whole	заведения	431	440	neutral
13823	B-Food	Бизнес	495	501	positive
13823	I-Food	ланч	502	506	positive
13823	B-Price	цене	582	586	positive
13823	B-Whole	место	610	615	positive
13823	B-Food	меню	213	217	positive
13823	B-Price	цены	656	660	positive
13823	B-Service	обслуживания	680	692	positive
13823	B-Whole	заведению	735	744	positive
1427	B-Whole	заведение	27	36	positive
1427	B-Food	ужинали	113	120	neutral
1427	I-Food	с	5	6	None
1427	B-Service	обслуживанием	169	182	negative
1427	B-Whole	заведения	222	231	positive
1427	B-Service	отношение	255	264	None
1427	B-Interior	залы	333	337	negative
1427	B-Interior	веранде	350	357	negative
1427	B-Service	встретил	394	402	positive
1427	B-Service	молодой	407	414	positive
1427	I-Service	человек	415	422	positive
1427	B-Service	Проводила	475	484	positive
1427	B-Service	девушка	504	511	positive
1427	B-Service	администратор	566	579	positive
1427	B-Service	подала	589	595	positive
1427	I-Service	меню	596	600	positive
1427	B-Service	налили	630	636	positive
1427	B-Price	бесплатной	647	657	positive
1427	B-Food	воды	658	662	positive
1427	B-Food	покушать	853	861	None
1427	B-Service	администратор	566	579	positive
1427	B-Service	официантам	1022	1032	neutral
1427	B-Service	молодой	407	414	positive
1427	I-Service	человек	415	422	positive
1427	B-Interior	живая	1109	1114	positive
1427	I-Interior	музыка	1115	1121	positive
1427	B-Service	девушке	1177	1184	positive
1427	B-Interior	атмосферу	1197	1206	positive
1427	B-Service	молодому	1209	1217	positive
1427	I-Service	человеку	1218	1226	positive
1427	B-Service	сотрудников	1234	1245	positive
16714	B-Service	заказывали	27	37	neutral
16714	I-Service	столик	38	44	neutral
16714	B-Food	кухню	118	123	neutral
16714	B-Food	шашлык	136	142	neutral
16714	I-Food	по	98	100	neutral
16714	I-Food	азейрбаджански	146	160	neutral
16714	B-Food	хачипури	176	184	neutral
16714	I-Food	Имеритенское	185	197	neutral
16714	B-Food	салат	199	204	neutral
16714	I-Food	Байрам	205	211	neutral
16714	B-Food	овощи	214	219	positive
16714	I-Food	на	73	75	neutral
16714	I-Food	гриле	223	228	neutral
16714	B-Food	Хачипури	230	238	negative
16714	B-Food	сыра	282	286	negative
16714	B-Food	Салат	315	320	positive
16714	B-Food	баранина	339	347	positive
16714	B-Food	овощи	214	219	positive
16714	B-Service	Сервис	373	379	positive
16714	B-Service	Официант	412	420	positive
16714	B-Interior	Интерьер	472	480	neutral
16714	B-Service	администратору	658	672	positive
16714	B-Service	девушки	725	732	positive
16714	B-Service	сервис	782	788	positive
797	B-Whole	ресторане	7	16	positive
797	B-Food	выпить	89	95	neutral
797	B-Food	вина	102	106	neutral
797	B-Service	официантка	143	153	negative
797	B-Whole	ресторане	7	16	positive
797	B-Service	официантка	143	153	negative
797	B-Service	поработают	550	560	negative
34710	B-Service	обслуживание	30	42	positive
34710	B-Service	обслужили	86	95	positive
34710	B-Service	дали	106	110	negative
34710	I-Service	меню	111	115	negative
34710	B-Food	напитки	135	142	neutral
34710	B-Food	салат	162	167	neutral
34710	B-Price	счет	174	178	negative
34710	B-Service	отношение	234	243	negative
34710	B-Service	официантов	244	254	negative
34710	B-Food	Меню	258	262	None
34710	B-Service	официантка	285	295	negative
34710	B-Service	дали	106	110	negative
34710	I-Service	меню	111	115	negative
34710	B-Food	меню	111	115	negative
34710	B-Whole	ресторан	419	427	None
34710	B-Service	официантка	285	295	negative
34710	B-Service	приняла	539	546	neutral
34710	I-Service	заказ	547	552	neutral
34710	B-Food	Напитки	618	625	neutral
34710	B-Food	десерта	648	655	neutral
34710	B-Food	напитки	135	142	neutral
34710	B-Food	кухня	718	723	positive
34710	B-Food	кеталонский	734	745	positive
34710	I-Food	крем	746	750	positive
34710	B-Service	официантов	244	254	negative
33798	B-Whole	ресторана	23	32	neutral
33798	B-Food	поесть	114	120	positive
33798	B-Food	меню	167	171	positive
33798	B-Food	японская	229	237	positive
33798	I-Food	и	1	2	positive
33798	I-Food	итальянская	240	251	positive
33798	I-Food	кухни	252	257	positive
33798	B-Food	Паста	278	283	positive
33798	B-Food	суши	286	290	positive
33798	B-Food	блюда	325	330	positive
33798	I-Food	на	30	32	positive
33798	I-Food	гриле	334	339	positive
33798	B-Food	еде	352	355	positive
33798	B-Interior	интерьер	378	386	positive
33798	B-Service	Официанты	409	418	positive
33798	B-Whole	ресторан	23	31	positive
2073	B-Whole	ресторане	31	40	neutral
2073	B-Whole	заведению	97	106	neutral
2073	B-Whole	месте	203	208	neutral
2073	B-Interior	интерьер	223	231	positive
2073	B-Food	кухня	242	247	positive
2073	B-Service	обслуживания	314	326	negative
2073	B-Whole	ресторан	31	39	negative
2073	B-Service	официантка	377	387	negative
2073	B-Food	вино	537	541	neutral
2073	B-Interior	кресла	610	616	None
2073	B-Food	закуску	733	740	None
2073	B-Food	оливки	769	775	neutral
2073	B-Interior	живая	899	904	neutral
2073	I-Interior	музыка	905	911	neutral
2073	B-Whole	ресторан	31	39	negative
785	B-Whole	Ресторан	69	77	positive
785	B-Interior	интерьер	90	98	positive
785	B-Whole	места	115	120	positive
785	B-Food	меню	153	157	negative
785	B-Food	Меню	176	180	positive
785	B-Food	блюд	339	343	negative
785	B-Food	торта	358	363	positive
785	B-Service	администратор	416	429	positive
1434	B-Whole	месте	25	30	None
1434	B-Whole	ресторан	72	80	neutral
1434	B-Interior	интерьер	140	148	positive
1434	B-Whole	место	223	228	positive
1434	B-Service	Обслуживающий	230	243	positive
1434	I-Service	персонал	244	252	positive
1434	B-Service	официанту	276	285	positive
1434	B-Food	азиатской	326	335	neutral
1434	B-Food	кухней	342	348	neutral
1434	B-Food	кокосовый	474	483	neutral
1434	I-Food	суп	484	487	neutral
1434	I-Food	с	27	28	neutral
1434	I-Food	морепродуктами	490	504	neutral
1434	B-Food	кухни	555	560	None
1434	B-Food	блюда	602	607	positive
1434	B-Food	салат	626	631	neutral
1434	I-Food	с	27	28	neutral
1434	I-Food	рукколой	647	655	neutral
1434	I-Food	и	11	12	neutral
1434	I-Food	лососем	658	665	neutral
1434	B-Food	десерт	672	678	neutral
1434	B-Food	манговый	688	696	neutral
1434	I-Food	мусс	697	701	neutral
1434	B-Food	лимонный	704	712	neutral
1434	I-Food	десерт	672	678	neutral
1434	B-Whole	заведение	809	818	positive
22386	B-Food	меню	80	84	None
22386	B-Price	Ценник	86	92	negative
22386	B-Food	салатов	123	130	None
22386	I-Food	Из	131	133	None
22386	I-Food	блюд	134	138	None
22386	B-Food	соленья	163	170	positive
22386	B-Food	кармашки	172	180	positive
22386	I-Food	с	73	74	positive
22386	I-Food	грибами	183	190	positive
22386	I-Food	и	7	8	positive
22386	I-Food	рыбой	193	198	positive
22386	B-Food	жареный	200	207	positive
22386	I-Food	камамбер	208	216	positive
22386	B-Food	шашлык	218	224	positive
22386	I-Food	из	34	36	positive
22386	I-Food	свинины	228	235	positive
22386	B-Food	свинину	237	244	positive
22386	I-Food	с	73	74	positive
22386	I-Food	моцареллой	247	257	positive
22386	I-Food	и	7	8	positive
22386	I-Food	грибами	183	190	positive
22386	B-Food	угря	269	273	positive
22386	B-Food	порции	292	298	None
22386	B-Service	обслуживанию	311	323	None
22386	B-Service	официантки	348	358	negative
22386	B-Food	Блюда	360	365	None
22386	B-Food	закусок	472	479	None
22386	B-Service	официантка	589	599	negative
22386	B-Price	счет	618	622	None
32442	B-Whole	ресторане	19	28	neutral
32442	B-Service	сотрудникам	88	99	positive
32442	B-Whole	заведения	108	117	positive
32442	B-Interior	места	180	185	positive
32442	I-Interior	для	186	189	positive
32442	I-Interior	танцев	190	196	positive
32442	B-Service	Администраторы	248	262	positive
32442	B-Interior	оформлением	277	288	positive
32442	I-Interior	зала	289	293	positive
32442	B-Service	ведущих	304	311	positive
32442	B-Food	Меню	347	351	neutral
32442	B-Food	алкоголь	369	377	neutral
32442	B-Food	выбор	438	443	positive
32442	I-Food	блюд	444	448	positive
32442	B-Food	порции	458	464	None
15423	B-Whole	заведение	7	16	positive
15423	B-Service	персонала	129	138	positive
15423	B-Food	кухни	309	314	positive
15423	B-Food	стейки	383	389	positive
15423	I-Food	из	353	355	positive
15423	I-Food	говядины	393	401	positive
15423	I-Food	и	14	15	positive
15423	I-Food	лосося	404	410	positive
15423	B-Food	кухня	483	488	None
15423	B-Food	роллы	493	498	None
15423	B-Service	обслуживание	543	555	positive
15423	B-Service	обслуживание	543	555	positive
15423	B-Service	девушка	707	714	positive
7193	B-Whole	место	19	24	positive
7193	B-Food	перекусить	78	88	positive
7193	B-Service	Официанты	169	178	positive
7193	B-Service	Официанты	169	178	positive
7193	B-Food	Еды	321	324	positive
7193	B-Whole	место	19	24	positive
7193	B-Food	пообедать	422	431	positive
13100	B-Service	заказал	69	76	neutral
13100	I-Service	столик	77	83	neutral
13100	B-Service	девушка	186	193	positive
13100	I-Service	хостесс	194	201	positive
13100	B-Service	встретила	202	211	positive
13100	B-Service	проводила	214	223	positive
13100	I-Service	к	71	72	positive
13100	B-Service	молодой	253	260	neutral
13100	I-Service	человек	261	268	neutral
13100	B-Food	блюд	286	290	None
13100	B-Food	сациви	359	365	positive
13100	B-Food	хачапури	423	431	positive
13100	I-Food	по-мегрельски	432	445	positive
13100	B-Food	сырная	456	462	negative
13100	I-Food	пицца	463	468	negative
13100	B-Food	блюда	473	478	neutral
13100	I-Food	на	46	48	neutral
13100	I-Food	мангале	482	489	neutral
13100	B-Food	закуски	515	522	neutral
13100	B-Food	салаты	525	531	neutral
13100	B-Food	десерт	564	570	positive
13100	B-Food	Наполеон	595	603	positive
13100	B-Food	бараньи	683	690	neutral
13100	B-Food	повара	809	815	positive
13100	I-Service	Антон	269	274	positive
13100	B-Food	кухню	928	933	positive
13100	B-Interior	туалет	999	1005	positive
13100	B-Food	еды	1091	1094	positive
35635	B-Whole	ресторан	99	107	positive
35635	I-Whole	'Хутор	108	114	neutral
35635	B-Food	кухня	150	155	positive
35635	B-Service	обслуживание	159	171	positive
35635	B-Interior	атмосфера	173	182	positive
35635	B-Whole	ресторане	198	207	None
35635	B-Interior	украинский	229	239	positive
35635	I-Interior	колорит	240	247	positive
35635	B-Service	встретил	357	365	None
35635	B-Food	меню	503	507	None
35635	B-Service	официанта	531	540	None
35635	B-Food	напитков	583	591	None
35635	B-Service	руководителей	631	644	negative
35635	B-Whole	ресторан	99	107	positive
35635	B-Service	официант	531	539	negative
35635	B-Food	меню	503	507	None
35635	B-Food	поели	901	906	negative
35635	I-Food	с	17	18	None
35635	B-Food	пирожков	959	967	positive
35635	B-Food	меню	503	507	None
35635	B-Service	официант	531	539	negative
35635	B-Whole	рестораном	1206	1216	negative
35635	B-Whole	ресторан	99	107	positive
2107	B-Whole	заведение	21	30	positive
2107	B-Interior	втором	81	87	neutral
2107	I-Interior	этаже	88	93	neutral
2107	B-Service	официанта	170	179	negative
2107	B-Service	пледы	203	208	negative
2107	B-Food	Чай	210	213	neutral
2107	B-Food	салат	287	292	neutral
2107	B-Food	горячее	325	332	neutral
2107	B-Service	ждал	424	428	None
2107	B-Food	блюдо	446	451	neutral
2107	B-Food	овощи	499	504	None
2107	B-Food	приготовленные	506	520	negative
2107	I-Food	на	68	70	negative
2107	I-Food	углях	524	529	negative
2107	B-Service	официанту	599	608	None
2107	B-Food	Порции	610	616	negative
2107	B-Food	меню	631	635	None
36085	B-Whole	заведении	88	97	positive
36085	B-Whole	кафе	187	191	positive
36085	B-Interior	интерьер	209	217	positive
36085	B-Food	блюда	237	242	positive
36085	B-Service	персонал	310	318	positive
36085	B-Whole	место	455	460	positive
36085	B-Whole	Mon	470	473	positive
36085	I-Whole	Petit	474	479	positive
36085	I-Whole	Cafe	480	484	positive
7824	B-Whole	ресторане	19	28	neutral
7824	B-Whole	месте	96	101	positive
7824	B-Food	кухней	112	118	positive
7824	B-Service	заказан	124	131	neutral
7824	I-Service	столик	132	138	neutral
7824	B-Interior	2	153	154	neutral
7824	I-Interior	этаже	155	160	neutral
7824	B-Whole	заведении	310	319	negative
7824	B-Food	кухни	354	359	None
7824	B-Food	салатов	374	381	negative
7824	B-Food	салата	391	397	negative
7824	I-Food	цезарь	398	404	negative
7824	B-Food	соус	425	429	negative
7824	B-Food	курица	441	447	negative
7824	B-Food	салат	374	379	both
7824	I-Food	с	21	22	both
7824	I-Food	авокадо	476	483	both
7824	B-Food	горячего	519	527	neutral
7824	B-Food	манты	532	537	negative
7824	B-Food	десерты	646	653	positive
7824	B-Food	Пирожные	655	663	positive
7824	B-Food	торт	688	692	positive
7824	I-Food	из	693	695	positive
7824	B-Whole	ресторана	719	728	negative
7824	B-Food	алкогольному	804	816	neutral
7824	I-Food	коктейлю	817	825	neutral
34045	B-Whole	кафе	34	38	positive
34045	B-Food	Кухня	98	103	positive
34045	B-Service	Обслуживание	197	209	positive
34045	B-Service	персонал	229	237	positive
34045	B-Whole	кафе	34	38	positive
34045	B-Food	кофе	347	351	neutral
34045	B-Interior	обстановке	364	374	positive
11421	B-Whole	ресторане	12	21	positive
11421	B-Food	Ужинали	72	79	neutral
11421	I-Food	с	14	15	None
11421	B-Interior	2	93	94	neutral
11421	I-Interior	этаже	95	100	neutral
11421	B-Service	обслуживание	111	123	positive
11421	B-Service	приносили-уносили	129	146	positive
11421	B-Food	меню	190	194	positive
11421	B-Food	разнообразия	246	258	positive
11421	I-Food	блюд	259	263	positive
11421	B-Food	кухне	290	295	positive
11421	B-Food	ужина	340	345	neutral
11421	B-Interior	музыка	353	359	positive
11421	B-Whole	ресторан	12	20	positive
36126	B-Whole	места	238	243	positive
36126	B-Whole	банкете	248	255	None
36126	B-Interior	помещение	357	366	positive
36126	B-Food	кухня	410	415	positive
36126	B-Interior	внешний	419	426	positive
36126	I-Interior	вид	427	430	positive
36126	B-Service	сотрудники	465	475	positive
36126	B-Service	администратор	478	491	positive
36126	B-Service	официант	544	552	positive
36126	I-Service	Мария	553	558	None
36126	B-Whole	ресторанах	723	733	neutral
36126	B-Service	обслуживание	738	750	positive
36126	B-Whole	ресторан	723	731	positive
13186	B-Whole	ресторане	30	39	neutral
13186	I-Whole	Волна	40	45	neutral
13186	B-Service	встретила	56	65	None
13186	B-Service	девушка	72	79	positive
13186	B-Service	предложила	80	90	positive
13186	I-Service	столики	91	98	positive
13186	B-Food	выпить	118	124	None
13186	I-Food	вина	125	129	neutral
13186	B-Service	официантки	151	161	None
13186	B-Food	меню	196	200	None
13186	B-Whole	ресторане	30	39	neutral
13186	B-Service	официанты	218	227	negative
13186	B-Food	вино	168	172	negative
13186	B-Food	бытылочку	290	299	neutral
13186	I-Food	вина	125	129	neutral
13186	B-Food	салат	330	335	both
13186	I-Food	из	336	338	neutral
13186	I-Food	рукколы	339	346	neutral
13186	I-Food	с	32	33	neutral
13186	I-Food	печеным	349	356	neutral
13186	I-Food	картофелем	357	367	neutral
13186	B-Food	гребешки	370	378	neutral
13186	I-Food	со	140	142	neutral
13186	I-Food	спаржей	382	389	neutral
13186	B-Service	комплимент	430	440	positive
13186	I-Service	от	441	443	positive
13186	I-Service	шеф-повара	444	454	positive
13186	B-Food	салат	330	335	both
13186	B-Food	салат	330	335	both
13186	B-Food	гребешки	370	378	neutral
13186	B-Service	ждала	567	572	negative
13186	B-Food	десерт	587	593	None
13186	B-Interior	атмосфера	629	638	both
13186	B-Interior	2ом	662	665	None
13186	I-Interior	этаже	666	671	None
9721	B-Whole	ресторане	29	38	positive
9721	B-Whole	ресторан	29	37	positive
9721	B-Interior	интерьер	146	154	positive
9721	B-Whole	ресторанах	175	185	negative
9721	B-Whole	ресторан	29	37	positive
9721	B-Service	персонал	295	303	positive
9721	B-Service	Официанты	305	314	positive
9721	B-Food	блюд	356	360	neutral
9721	B-Food	еде	383	386	neutral
9721	B-Food	меню	423	427	positive
9721	B-Food	крем-суп	487	495	positive
9721	I-Food	из	420	422	positive
9721	I-Food	лосося	499	505	positive
9721	B-Food	равиолли	508	516	positive
9721	I-Food	с	11	12	positive
9721	I-Food	грибами	519	526	positive
9721	B-Food	Порции	528	534	None
9721	B-Whole	ресторане	29	38	positive
9721	I-Whole	Roll	574	578	positive
9721	I-Whole	&	579	580	positive
9721	I-Whole	Roll	574	578	positive
9721	B-Food	блюда	626	631	positive
9721	B-Whole	ресторане	29	38	positive
9721	B-Food	выбор	349	354	positive
9721	I-Food	алкоголя	726	734	positive
9721	B-Price	ценам	747	752	positive
9721	B-Food	разливного	767	777	positive
9721	I-Food	пива	778	782	positive
9721	B-Food	винная	794	800	positive
9721	I-Food	карта	801	806	positive
9721	B-Food	коктейли	848	856	positive
9721	B-Service	барменом	873	881	None
9721	B-Whole	Ресторан	883	891	positive
9721	I-Whole	Roll	574	578	positive
9721	I-Whole	&	579	580	positive
9721	I-Whole	Roll	574	578	positive
28083	B-Whole	ресторан	12	20	neutral
28083	B-Whole	паулайнере	174	184	positive
28083	B-Service	обслуживание	228	240	positive
28083	B-Food	кухня	251	256	positive
28083	B-Food	пиво	262	266	positive
28083	B-Service	персонал	437	445	positive
28083	B-Service	обслуживала	492	503	positive
28083	B-Service	девушка	515	522	positive
28083	I-Service	Мария	523	528	positive
28083	B-Service	девушка	515	522	positive
28083	B-Food	горячее	832	839	neutral
30744	B-Service	заказ	75	80	negative
30744	I-Service	приносили	107	116	negative
30744	B-Food	пивом	150	155	neutral
30744	B-Food	Гриль	177	182	positive
30744	B-Food	пиво	150	154	positive
30744	B-Food	выбор	220	225	None
30744	I-Food	вина	226	230	negative
30744	B-Food	пива	257	261	negative
30744	B-Service	сервиса	311	318	positive
30744	B-Food	кухни	323	328	positive
30744	B-Interior	атмосферы	334	343	positive
30744	B-Interior	музыка	381	387	positive
3976	B-Whole	ресторане	71	80	neutral
3976	B-Whole	ресторанах	198	208	neutral
3976	B-Whole	ресторане	71	80	neutral
3976	B-Service	Столик	267	273	neutral
3976	I-Service	бронировали	274	285	neutral
3976	B-Service	администратор	322	335	positive
3976	B-Service	предварительный	349	364	positive
3976	I-Service	заказ	365	370	positive
3976	B-Whole	ресторан	71	79	positive
3976	B-Service	дали	443	447	None
3976	B-Whole	ресторане	71	80	neutral
3976	B-Food	горячее	524	531	neutral
3976	I-Food	блюдо	532	537	neutral
3976	B-Food	Меню	564	568	positive
3976	B-Service	Обслуживание	688	700	both
3976	B-Service	официанты	739	748	positive
3976	B-Interior	Интерьер	854	862	positive
3976	B-Interior	музыкальная	901	912	positive
3976	I-Interior	программа	913	922	positive
3976	B-Interior	ведущий	933	940	positive
3976	B-Whole	ресторан	71	79	positive
3976	B-Food	кухня	1038	1043	positive
3976	B-Whole	Руководству	1053	1064	positive
3976	B-Service	персоналу	1067	1076	positive
27040	B-Service	официант	159	167	positive
27040	B-Food	закуски-крылья	284	298	positive
27040	B-Food	сырные	300	306	positive
27040	I-Food	шарики	307	313	positive
33591	B-Whole	кафе	9	13	positive
33591	B-Food	еда	107	110	positive
33591	B-Food	блюда	120	125	positive
33591	B-Interior	обстановка	127	137	positive
33591	B-Service	администратор	148	161	positive
33591	B-Whole	кафе	9	13	positive
33591	B-Price	цены	210	214	positive
33591	B-Whole	место	241	246	positive
33591	B-Food	хачапури	349	357	positive
33591	I-Food	с	33	34	positive
33591	I-Food	сыром	360	365	positive
33591	B-Food	лосось	375	381	positive
33591	B-Food	кусок	383	388	positive
33591	B-Food	еды	437	440	positive
33591	B-Interior	антураж	562	569	negative
33591	B-Interior	верхнем	645	652	positive
33591	I-Interior	этаже	653	658	positive
33591	B-Interior	караоке	700	707	positive
33591	B-Food	кальян	730	736	positive
33591	B-Whole	место	241	246	positive
33591	B-Interior	обстановке	889	899	positive
28258	B-Food	поужинать	16	25	neutral
28258	B-Service	встретил	69	77	positive
28258	B-Interior	Интерьер	161	169	positive
28258	B-Whole	ресторана	170	179	None
28258	B-Interior	дизайн	208	214	positive
28258	B-Service	обслуживала	270	281	positive
28258	B-Service	девушка	291	298	positive
28258	B-Food	пасты	392	397	neutral
28258	B-Food	состав	418	424	None
28258	I-Food	и	6	7	None
28258	I-Food	способ	427	433	None
28258	I-Food	приготовления	434	447	None
28258	B-Food	блюда	448	453	None
28258	B-Food	Меню	455	459	None
28258	I-Food	ресторана	170	179	None
28258	B-Food	суши	527	531	neutral
28258	B-Food	пасты	392	397	neutral
28258	B-Interior	Дизайн	551	557	None
28258	B-Food	ела	596	599	None
28258	I-Food	крем	600	604	positive
28258	I-Food	суп	605	608	positive
28258	I-Food	из	209	211	positive
28258	I-Food	белых	612	617	positive
28258	I-Food	грибов	618	624	positive
28258	B-Food	Суп	670	673	positive
28258	B-Food	паста	690	695	positive
28258	B-Food	соуса	727	732	positive
28258	B-Food	мясо	741	745	neutral
28258	B-Food	салат	791	796	positive
28258	I-Food	с	8	9	positive
28258	B-Food	карпаччо	811	819	positive
28258	B-Price	цены	822	826	neutral
28258	B-Whole	ресторан	170	178	positive
28258	B-Food	поварам	983	990	positive
28258	B-Service	персоналу	993	1002	positive
19503	B-Whole	заведение	34	43	neutral
19503	B-Service	обслуживание	67	79	positive
19503	B-Service	администратор	134	147	positive
19503	I-Service	Екатерина	148	157	positive
19503	B-Service	встретила	158	167	positive
19503	B-Service	посадила	174	182	positive
19503	B-Service	Обслуживала	239	250	positive
19503	B-Food	фондю	298	303	positive
19503	B-Service	обслуживали	304	315	positive
19503	B-Food	блюда	383	388	positive
19503	B-Service	Официант	390	398	positive
19503	B-Service	обслуживающий	406	419	positive
19503	I-Service	персонал	420	428	positive
19503	B-Whole	Чердак	471	477	positive
19503	I-Whole	Художника	478	487	positive
19503	B-Whole	местом	512	518	positive
37391	B-Food	Пицца	113	118	positive
37391	B-Price	скидки	177	183	positive
37391	B-Food	вина	194	198	positive
37391	B-Service	официантов	233	243	positive
37391	B-Service	обслуживания	347	359	positive
37391	B-Food	свежих	411	417	None
37391	B-Food	десерт	465	471	positive
37391	B-Interior	атмосфера	602	611	positive
37391	I-Food	с	58	59	None
37391	B-Whole	ресторан	647	655	positive
14568	B-Whole	кафе	8	12	positive
14568	B-Interior	интерьер	118	126	positive
14568	B-Interior	занавесочки	153	164	positive
14568	B-Food	еде	254	257	positive
14568	B-Food	судака	312	318	positive
14568	I-Food	с	13	14	positive
14568	I-Food	овощами	321	328	positive
14568	I-Food	и	4	5	positive
14568	I-Food	рисом	331	336	positive
14568	B-Food	кофе	370	374	positive
14568	I-Food	Борджиа	375	382	positive
14568	B-Food	восточных	432	441	positive
14568	I-Food	салатов	442	449	positive
14568	B-Food	Американо	529	538	positive
14568	B-Service	сервис	605	611	negative
14568	B-Service	девушка	633	640	None
14568	B-Service	молодой	643	650	None
14568	I-Service	человек	651	658	None
14568	B-Whole	месту	728	733	both
14568	B-Whole	местечко	788	796	positive
14568	B-Price	ценами	819	825	positive
14568	B-Interior	обстановкой	846	857	positive
2495	B-Whole	кафе	42	46	neutral
2495	B-Food	поварам	84	91	positive
2495	B-Food	блюда	107	112	positive
2495	B-Food	бивштексы	129	138	positive
2495	B-Service	обслуживание	292	304	positive
2495	B-Interior	атмосферу	315	324	positive
2495	B-Service	официантов	341	351	positive
2495	B-Whole	место	408	413	positive
2495	B-Food	кухней	429	435	positive
2495	B-Service	персоналом	455	465	positive
34402	B-Whole	место	21	26	positive
34402	B-Whole	ресторанчик	191	202	positive
34402	B-Food	французской	211	222	positive
34402	I-Food	кухни	223	228	positive
34402	B-Interior	атмосфера	367	376	positive
34402	B-Whole	места	383	388	positive
34402	B-Food	кухня	399	404	positive
34402	B-Food	меню	432	436	positive
34402	B-Interior	комната	438	445	positive
34402	B-Interior	программу	485	494	positive
34402	B-Service	Аниматоры	496	505	positive
34402	B-Food	выбор	627	632	positive
34402	I-Food	вина	633	637	positive
34402	B-Price	Ценник	687	693	negative
33524	B-Whole	место	4	9	positive
33524	B-Whole	место	4	9	positive
33524	B-Food	мясе	116	120	positive
33524	B-Food	Мясо	152	156	positive
33524	B-Whole	заведении	215	224	neutral
33524	B-Food	покушать	237	245	positive
33524	I-Food	мяса	246	250	positive
33524	B-Food	кухней	271	277	positive
33524	B-Service	официанта	318	327	positive
33524	B-Service	Официанты	366	375	positive
33524	B-Service	расскажут	399	408	positive
33524	B-Food	блюдах	416	422	neutral
33524	B-Food	состав	473	479	neutral
33524	I-Food	блюда	416	421	neutral
33524	B-Service	официантов	591	601	positive
33524	B-Food	кофе	631	635	positive
33524	B-Food	Кухней	655	661	positive
33524	B-Whole	место	4	9	positive
33524	B-Food	утку	782	786	positive
33524	B-Food	повара	857	863	positive
33524	B-Food	кофе	631	635	positive
33524	B-Interior	Интерьер	917	925	positive
33524	B-Interior	освещение	936	945	positive
33524	B-Whole	места	954	959	positive
33524	B-Interior	музыка	969	975	positive
27375	B-Whole	ресторанчик	43	54	positive
27375	B-Food	пиво	97	101	positive
27375	B-Food	суджук	125	131	neutral
27375	B-Food	закуски	146	153	neutral
27375	B-Interior	атмосфера	158	167	positive
27375	B-Service	персонал	181	189	positive
27375	B-Service	девушка	203	210	positive
27375	B-Service	администратор	221	234	positive
27375	I-Service	ресторана	235	244	positive
27375	B-Service	обслуживание	292	304	positive
27375	B-Service	подход	318	324	positive
27375	I-Service	к	53	54	positive
27375	I-Service	посетителям	327	338	positive
27375	B-Service	отношение	353	362	positive
27375	I-Service	к	53	54	positive
27375	I-Service	клиентам	365	373	positive
27375	B-Service	сервиса	425	432	positive
27375	B-Whole	заведений	481	490	neutral
27375	B-Whole	места	557	562	positive
31071	B-Whole	заведение	11	20	positive
31071	B-Interior	зал	83	86	negative
31071	B-Service	обслуживание	339	351	negative
31071	B-Service	официанты	420	429	negative
31071	B-Service	встретил	455	463	None
31071	B-Interior	гардероб	481	489	None
31071	B-Service	официантка	531	541	negative
31071	B-Food	блюда	560	565	positive
31071	B-Price	счет	588	592	neutral
31071	B-Service	девушка	630	637	negative
31071	I-Service	из	276	278	positive
31071	I-Service	гардероба	641	650	negative
31071	B-Interior	Интерьер	726	734	positive
31071	B-Whole	ресторана	755	764	None
31071	B-Food	Кухня	778	783	positive
31071	B-Food	равиоли	825	832	positive
31071	I-Food	с	106	107	positive
31071	I-Food	трюфелями	835	844	positive
31071	I-Food	и	18	19	positive
31071	I-Food	рикоттой	847	855	positive
31071	B-Food	крем-суп	867	875	positive
31071	I-Food	из	276	278	positive
31071	I-Food	тыквы	879	884	positive
31071	I-Food	с	106	107	positive
31071	I-Food	пармезаном	887	897	positive
31071	B-Food	блюда	560	565	positive
31071	I-Food	из	276	278	positive
31071	I-Food	меню	961	965	None
31071	B-Food	Вино	970	974	neutral
31071	I-Food	красное	975	982	neutral
31071	B-Food	домашнее	984	992	None
31071	B-Price	Чек	1014	1017	negative
25960	B-Whole	местечку	75	83	positive
25960	B-Service	Обслуживание	144	156	positive
25960	B-Food	качество	173	181	positive
25960	I-Food	блюд	182	186	positive
25960	B-Service	Сервис	291	297	negative
25960	B-Food	меню	416	420	negative
25960	B-Food	еды	464	467	positive
25960	B-Price	цены	501	505	negative
25960	B-Whole	место	562	567	negative
9837	B-Whole	ресторан	18	26	positive
9837	B-Food	кухня	81	86	positive
9837	B-Food	порции	95	101	both
9837	B-Food	салат	126	131	neutral
9837	B-Food	блюдо	157	162	neutral
9837	B-Food	размер	193	199	None
9837	I-Food	порций	200	206	positive
9837	B-Food	вино	236	240	positive
9837	B-Interior	Интерьер	242	250	positive
9837	B-Interior	зал	299	302	positive
9837	B-Service	Обслуживание	411	423	positive
9837	B-Service	официантки	460	470	positive
9837	B-Interior	атмосфера	514	523	positive
27841	B-Food	кофе	36	40	neutral
27841	B-Service	обслуживающим	71	84	positive
27841	I-Service	персоналом	85	95	positive
27841	B-Food	Кофе	161	165	positive
27841	B-Food	тортики	175	182	positive
27841	B-Food	выпить	244	250	None
27841	B-Food	пивка	251	256	neutral
27841	B-Food	Выбор	258	263	None
27841	I-Food	пива	264	268	negative
27841	B-Food	напиток	352	359	positive
27841	B-Food	Тиммерманс	377	387	positive
27841	B-Food	Невское	390	397	positive
27841	B-Food	закусочки	417	426	positive
27841	B-Food	жаренные	430	438	positive
27841	I-Food	крылышки	439	447	positive
27841	B-Food	кальмары	460	468	positive
27841	B-Food	колечками	488	497	neutral
27841	I-Food	лука	498	502	neutral
27841	B-Food	соуса	515	520	negative
27841	B-Food	меню	524	528	None
27841	B-Food	соуса	515	520	negative
27841	B-Service	девушка-официантка	573	591	positive
27841	B-Food	соусе	608	613	positive
27841	B-Interior	Интерьер	654	662	positive
27841	B-Interior	диванчики	691	700	None
27841	B-Service	Обслуживание	750	762	positive
27841	B-Whole	местечко	839	847	positive
3231	B-Whole	ресторане	103	112	neutral
3231	B-Interior	украшенный	145	155	positive
3231	I-Interior	зал	156	159	positive
3231	B-Interior	интерьер	168	176	positive
3231	B-Service	персонал	195	203	positive
3231	B-Service	Обслуживание	207	219	positive
3231	B-Service	официанты	281	290	positive
3231	B-Service	официанта	419	428	positive
3231	B-Service	обслуживала	473	484	positive
3231	I-Service	стол	326	330	None
3231	B-Whole	заведения	634	643	None
18780	B-Food	съесть	38	44	neutral
18780	B-Food	ролл	53	57	neutral
18780	B-Food	роллы	128	133	neutral
18780	B-Food	блюд	172	176	positive
18780	I-Food	европейской	177	188	positive
18780	I-Food	кухни	189	194	positive
18780	B-Food	роллов	202	208	positive
18780	B-Whole	кафе	220	224	positive
18780	B-Whole	заведение	328	337	positive
18780	B-Service	заказа	371	377	neutral
18780	I-Service	столика	378	385	neutral
18780	I-Service	мест	83	87	None
18780	B-Whole	места	439	444	None
18780	B-Service	помогает	484	492	None
18780	B-Interior	веранда	493	500	positive
18780	B-Price	ценам	505	510	neutral
18780	B-Food	поесть	533	539	neutral
18780	B-Food	роллы	128	133	neutral
18780	B-Food	блюдо	567	572	neutral
18780	B-Food	десерт	573	579	neutral
18780	B-Food	холодные	581	589	neutral
18780	I-Food	напитки	590	597	neutral
18780	B-Price	1450-1750р	612	622	neutral
18780	B-Food	еды	646	649	positive
18780	B-Food	съесть	38	44	neutral
18780	B-Whole	аппетит	707	714	None
18780	B-Whole	место	765	770	positive
18780	B-Food	еды	646	649	positive
18780	B-Service	обслуживания	809	821	positive
10798	B-Whole	место	68	73	positive
10798	B-Interior	обстановке	155	165	positive
10798	B-Interior	свечи	198	203	positive
10798	I-Interior	в	27	28	None
10798	B-Interior	кресла	238	244	positive
10798	B-Interior	музыка	265	271	positive
10798	B-Food	кухня	309	314	positive
10798	B-Food	роллов	337	343	None
10798	B-Food	кухня	309	314	positive
10798	B-Price	цены	443	447	positive
10798	B-Service	сервис	463	469	positive
10798	B-Service	девушки	480	487	positive
10798	B-Service	принесли	502	510	positive
10798	I-Service	заказ	511	516	positive
10798	B-Food	коктели	531	538	positive
10798	B-Food	алкоголь	541	549	positive
12131	B-Interior	Интерьер	61	69	positive
12131	B-Interior	интерьер	71	79	positive
12131	B-Interior	интерьер	71	79	positive
12131	B-Whole	место	278	283	positive
12131	B-Food	чаем	331	335	positive
12131	I-Food	с	41	42	positive
12131	B-Food	Кухня	780	785	positive
12131	B-Food	порции	832	838	positive
12131	B-Food	десертам	884	892	positive
12131	B-Interior	отдельный	948	957	None
12131	B-Interior	гардероб	958	966	positive
26152	B-Whole	ресторан	89	97	positive
26152	B-Food	кухни	127	132	None
26152	B-Whole	Саперави	250	258	neutral
26152	B-Interior	Интерьер	260	268	positive
26152	B-Whole	ресторан	89	97	positive
26152	B-Interior	атмосферой	310	320	positive
26152	B-Interior	стены	401	406	positive
26152	B-Interior	мебель	418	424	positive
26152	B-Interior	интерьер	438	446	positive
26152	B-Service	Сервис	488	494	positive
26152	B-Service	встретили	496	505	positive
26152	B-Service	проводили	542	551	positive
26152	B-Service	Обслуживали	576	587	positive
26152	B-Service	рекомендуя	610	620	positive
26152	B-Food	блюдо	633	638	neutral
26152	B-Service	Спрашивали	640	650	None
26152	B-Service	Персонал	699	707	positive
26152	B-Food	Кухня	760	765	positive
26152	B-Food	хачапури	767	775	positive
26152	I-Food	по-аджарски	776	787	positive
26152	B-Food	сыра	796	800	positive
26152	B-Food	тесто	809	814	positive
26152	B-Food	Салат	827	832	positive
26152	I-Food	с	2	3	positive
26152	I-Food	лососем	835	842	positive
26152	B-Food	порция	853	859	positive
26152	B-Food	заправка	871	879	positive
26152	B-Food	Салат	827	832	positive
26152	I-Food	от	193	195	positive
26152	I-Food	шеф-повара	910	920	positive
26152	I-Food	с	2	3	positive
26152	I-Food	курицей	923	930	positive
26152	B-Food	Тирамису	972	980	positive
26152	B-Food	крем	1016	1020	positive
26152	B-Food	пропитка	1030	1038	positive
26152	B-Price	соотношении	1042	1053	positive
26152	I-Price	цены	1054	1058	positive
26152	I-Price	и	73	74	positive
26152	I-Price	качества	1061	1069	positive
26152	B-Whole	рестораны	1129	1138	positive
26152	B-Food	кухней	1154	1160	positive
26152	B-Service	обслуживанием	1171	1184	positive
26152	B-Food	меню	1235	1239	None
28112	B-Whole	Ресторан	0	8	neutral
28112	B-Food	кухня	31	36	positive
28112	B-Service	обслуживание	43	55	neutral
28112	B-Interior	интерьер	69	77	neutral
28112	B-Whole	место	80	85	None
28112	B-Food	кухня	31	36	positive
28112	B-Food	мяса	384	388	positive
28112	B-Interior	большие	352	359	negative
28112	I-Interior	окна	568	572	negative
28112	B-Interior	проемы	636	642	negative
28112	I-Interior	окон	643	647	negative
28112	B-Service	официанты	734	743	negative
28112	B-Service	скатерть	843	851	positive
28112	B-Food	поесть	942	948	positive
28112	B-Interior	музыка	969	975	positive
7011	B-Whole	ресторане	16	25	None
7011	B-Whole	место	117	122	positive
7011	B-Interior	интерьер	143	151	positive
7011	B-Interior	зал	222	225	positive
7011	B-Interior	большие	227	234	None
7011	I-Interior	окна	235	239	positive
7011	B-Service	отношение	302	311	positive
7011	I-Service	к	84	85	positive
7011	B-Food	кухня	377	382	positive
7011	B-Food	Меню	384	388	positive
7011	B-Whole	банкете	484	491	None
7011	B-Food	салат	501	506	positive
7011	I-Food	из	507	509	positive
7011	I-Food	говядины	510	518	positive
7011	B-Food	баклажаны	520	529	None
7011	B-Food	запеченные	531	541	positive
7011	I-Food	с	18	19	positive
7011	I-Food	сыром	544	549	positive
7011	B-Food	сырная	559	565	None
7011	B-Food	мясо	583	587	positive
7011	B-Food	рыба	590	594	positive
7011	I-Food	гриль	595	600	positive
7011	B-Food	Цезарь	667	673	both
7011	B-Food	десерт	692	698	positive
7011	B-Food	блюда	739	744	positive
7011	B-Whole	места	821	826	None
7011	B-Whole	ресторанах	875	885	negative
7011	B-Food	блюд	739	743	None
7011	B-Service	обслуживание	1044	1056	positive
7011	B-Interior	оформление	1060	1070	positive
7011	I-Interior	зала	1071	1075	positive
7011	B-Food	еда	1079	1082	positive
7011	B-Whole	ресторану	1149	1158	positive
33043	B-Interior	Интерьер	33	41	positive
33043	B-Interior	музыка	63	69	positive
33043	B-Service	девушки	85	92	positive
33043	B-Food	еда	103	106	positive
33043	B-Food	котлетки	175	183	positive
33043	I-Food	из	184	186	positive
33043	I-Food	лосося	187	193	positive
33043	B-Food	судака	196	202	positive
33043	I-Food	с	18	19	positive
33043	B-Food	соусом	217	223	positive
33043	I-Food	спаржей	232	239	positive
33043	B-Food	филе	249	253	positive
33043	I-Food	с	18	19	positive
33043	I-Food	котлетками	256	266	positive
33043	I-Food	из	184	186	positive
33043	B-Food	салат	280	285	positive
33043	I-Food	из	184	186	positive
33043	I-Food	тунца	289	294	positive
33043	B-Food	десерт	296	302	positive
33043	I-Food	с	18	19	positive
33043	B-Food	меню	346	350	None
33043	B-Food	блюдо	387	392	positive
33043	B-Service	Обслуживание	409	421	positive
33043	B-Service	улыбаются	478	487	positive
33043	B-Food	перекусить	549	559	None
33043	B-Service	девушка	561	568	positive
33043	B-Service	хостес	569	575	positive
33043	B-Whole	место	701	706	positive
33043	B-Service	официант	721	729	neutral
33043	I-Service	меню	346	350	None
33043	B-Service	подойдет	762	770	None
33043	I-Service	к	6	7	None
33043	B-Whole	ресторана	869	878	None
33043	B-Food	кофе	974	978	None
33043	B-Food	чаек	1141	1145	None
33043	B-Food	кофе	974	978	None
20862	B-Whole	Аппетите	18	26	neutral
20862	B-Service	встречей	58	66	positive
20862	B-Service	сервисом	70	78	positive
20862	B-Food	кухней	82	88	positive
20862	B-Price	цен	124	127	positive
20862	B-Whole	ресторана	191	200	positive
20862	B-Service	встретили	291	300	positive
20862	B-Service	проводили	302	311	positive
20862	B-Service	посадили	313	321	positive
20862	B-Service	принесли	323	331	positive
20862	I-Service	меню	332	336	positive
20862	B-Service	официантка	343	353	negative
20862	B-Whole	ресторане	392	401	None
20862	B-Food	пасту	457	462	neutral
20862	B-Food	напитки	482	489	neutral
20862	B-Food	напитки	482	489	neutral
20862	B-Food	порция	562	568	None
20862	B-Food	пасты	569	574	neutral
20862	B-Service	поданы	599	605	negative
20862	B-Food	Цезарь-салат	708	720	neutral
20862	B-Food	американо	723	732	neutral
20862	B-Service	чаевых	781	787	negative
33252	I-Service	Паберти	35	42	positive
33252	B-Service	Заказывал	44	53	neutral
33252	B-Whole	ресторан	96	104	None
33252	B-Food	пивоварни	131	140	positive
33252	B-Whole	заведения	199	208	None
33252	B-Food	Пиво	212	216	positive
33252	B-Food	пиво	131	135	positive
33252	B-Food	кухня	426	431	positive
33252	B-Food	закуски	483	490	positive
33252	B-Service	стол	576	580	positive
33252	I-Service	обслуживали	581	592	positive
33252	B-Service	официантов	609	619	positive
33252	B-Food	блюда	633	638	positive
33252	I-Food	и	41	42	positive
33252	I-Service	напитки	641	648	positive
33252	I-Service	выносились	649	659	positive
33252	B-Service	обслуживание	791	803	positive
33252	B-Interior	Развлекательная	833	848	positive
33252	I-Interior	программа	849	858	positive
33252	B-Whole	ресторана	859	868	positive
33252	B-Interior	потанцевать	918	929	positive
33252	B-Service	персоналу	1069	1078	positive
33252	I-Service	Паберти	35	42	positive
34956	B-Whole	ресторанчик	99	110	neutral
34956	B-Food	Кушали	132	138	None
34956	B-Food	кухня	175	180	positive
34956	B-Food	котлетки	200	208	positive
34956	I-Food	из	209	211	positive
34956	I-Food	лосося	212	218	positive
34956	I-Food	с	101	102	positive
34956	I-Food	пюре	221	225	positive
34956	B-Food	канадский	228	237	neutral
34956	I-Food	ролл	238	242	neutral
34956	B-Whole	заведения	289	298	positive
34956	B-Food	котлетки	200	208	positive
34956	B-Food	роллы	313	318	neutral
34956	B-Food	Ролл	429	433	positive
34956	B-Food	блюда	492	497	positive
34956	I-Food	из	209	211	positive
34956	B-Whole	сетевых	524	531	negative
34956	I-Whole	заведений	532	541	negative
34956	I-Whole	японской	542	550	negative
34956	I-Whole	кухни	551	556	negative
34956	B-Food	суши	629	633	neutral
34956	B-Service	официанту	682	691	neutral
34956	B-Service	шеф-повар	717	726	neutral
34956	B-Food	меню	729	733	neutral
34956	B-Food	котлетки	200	208	positive
34956	I-Food	из	209	211	positive
34956	I-Food	лосося	212	218	positive
34956	I-Food	и	17	18	positive
34956	I-Food	креветок	814	822	positive
34956	B-Food	суп	903	906	positive
34956	I-Food	из	209	211	positive
34956	I-Food	двух	910	914	positive
34956	I-Food	рыб	915	918	positive
34956	B-Food	стейк	920	925	positive
34956	I-Food	из	209	211	positive
34956	I-Food	лосося	212	218	positive
34956	B-Food	бефстроганов	938	950	positive
34956	I-Food	с	101	102	positive
34956	I-Food	пюре	221	225	positive
34956	B-Interior	Интерьер	959	967	positive
34956	B-Service	обслуживание	1018	1030	positive
34956	B-Service	администраторы	1163	1177	neutral
34956	B-Whole	ресторанов	1189	1199	neutral
34956	B-Food	котлетки	200	208	positive
34956	I-Food	из	209	211	positive
34956	I-Food	меню	729	733	neutral
9289	B-Whole	ресторане	20	29	positive
9289	B-Service	администратор	116	129	positive
9289	B-Food	меню	142	146	None
9289	B-Interior	Обстановка	194	204	positive
9289	B-Interior	музыка	337	343	positive
9289	B-Food	блюд	395	399	positive
9289	I-Food	из	348	350	positive
9289	I-Food	мяса	403	407	positive
9289	B-Price	цены	428	432	positive
9289	B-Food	утку	460	464	positive
9289	I-Food	по-пекински	465	476	positive
9289	B-Food	порции	533	539	positive
9289	B-Food	суп	566	569	positive
9289	B-Food	Пиво	619	623	positive
9289	B-Service	обслуживание	645	657	positive
9289	B-Service	девушки	670	677	positive
9289	B-Service	администратор	116	129	positive
9289	B-Service	расскажут	720	729	positive
9289	B-Food	соус	762	766	neutral
9289	B-Interior	Радио	841	846	positive
9289	B-Interior	Интерьер	881	889	positive
9289	B-Interior	фантанчик	944	953	positive
9289	I-Interior	в	8	9	None
9289	B-Service	администратор	116	129	positive
14539	B-Food	перекусить	53	63	neutral
14539	B-Food	шашлыки	74	81	neutral
14539	I-Food	из	82	84	neutral
14539	I-Food	свинины	85	92	neutral
14539	B-Food	овощи	94	99	neutral
14539	I-Food	на	100	102	positive
14539	I-Food	гриле	103	108	positive
14539	B-Food	картофель	110	119	neutral
14539	B-Food	белого	173	179	neutral
14539	B-Food	вина	187	191	neutral
14539	B-Food	шашлык	74	80	positive
14539	I-Food	на	100	102	positive
14539	I-Food	шампуре	243	250	None
14539	I-Food	с	17	18	None
14539	B-Food	Овощи	303	308	positive
14539	I-Food	на	100	102	positive
14539	I-Food	гриле	103	108	positive
14539	B-Food	кухня	361	366	positive
14539	B-Interior	Интерьер	377	385	neutral
14539	B-Price	счет	445	449	None
14539	B-Interior	стены	459	464	both
14539	I-Interior	из	82	84	neutral
14539	B-Service	Обслуживание	545	557	positive
14539	B-Service	официантка	603	613	negative
14539	B-Food	морс	142	146	None
14539	B-Service	официантке	759	769	negative
14539	B-Service	Обслуживали	926	937	positive
14539	B-Service	девушка	942	949	positive
14539	B-Service	молодой	952	959	positive
14539	I-Service	человек	960	967	positive
14539	B-Service	Ждать	998	1003	positive
14539	I-Service	заказа	1004	1010	positive
14539	B-Service	Убирали	1030	1037	positive
14539	B-Price	Счет	1101	1105	neutral
14539	B-Whole	заведение	1158	1167	positive
15567	B-Whole	ресторанах	21	31	None
15567	B-Whole	ресторане	136	145	positive
15567	B-Food	меню	282	286	None
15567	B-Food	пасту	404	409	negative
15567	B-Food	суши	412	416	both
15567	B-Food	Паста	418	423	negative
15567	B-Food	соусом	477	483	negative
15567	B-Food	суши	412	416	both
15567	B-Food	суши	412	416	both
15567	B-Whole	ресторане	136	145	positive
15567	B-Service	Официантка	609	619	negative
15567	B-Food	горячие	748	755	negative
15567	B-Service	дали	819	823	None
15567	B-Interior	интерьер	907	915	positive
15567	B-Food	кухня	917	922	positive
15567	B-Food	повар	1040	1045	negative
15567	B-Service	девушка	1095	1102	negative
15567	B-Service	официантка	1103	1113	negative
15567	B-Food	еды	1186	1189	None
15567	B-Whole	заведение	1220	1229	negative
36926	B-Whole	ресторане	37	46	neutral
36926	B-Whole	место	81	86	positive
36926	B-Food	кухня	99	104	positive
36926	B-Interior	интерьер	113	121	positive
36926	B-Service	официанты	140	149	positive
36926	B-Interior	атмосфера	171	180	positive
36926	B-Food	порции	238	244	positive
36926	B-Price	ценник	281	287	positive
36926	B-Food	еда	303	306	positive
36926	B-Price	деньги	320	326	positive
36926	B-Food	омлет	365	370	neutral
36926	I-Food	по-баварски	371	382	neutral
36926	B-Food	салат	390	395	neutral
36926	I-Food	с	39	40	neutral
36926	I-Food	теплой	398	404	neutral
36926	I-Food	куриной	405	412	neutral
36926	I-Food	печенью	413	420	neutral
36926	B-Food	пиво	428	432	neutral
36926	B-Food	белого	453	459	neutral
36926	I-Food	вина	460	464	neutral
36512	B-Whole	ресторан	50	58	positive
36512	B-Whole	место	111	116	positive
36512	B-Whole	ресторана	215	224	positive
36512	B-Interior	интерьер	286	294	positive
36512	B-Interior	кресла	311	317	positive
36512	B-Interior	диванчики	320	329	positive
36512	B-Interior	музыка	350	356	positive
36512	B-Food	меню	367	371	neutral
36512	B-Food	блюда	388	393	positive
36512	B-Service	персонал	420	428	positive
36512	B-Service	персоналу	461	470	positive
36512	B-Service	отношение	487	496	positive
36512	I-Service	к	147	148	None
36512	B-Interior	декорированные	539	553	positive
36512	B-Interior	украшенные	556	566	positive
36512	B-Interior	свадебный	567	576	positive
36512	I-Interior	зал	577	580	positive
36512	B-Service	шефу	609	613	positive
36512	B-Food	поварам	621	628	positive
36512	B-Food	блюда	388	393	positive
36512	I-Food	на	222	224	None
36512	B-Whole	банкете	677	684	None
36512	B-Service	управляющей	739	750	positive
36512	I-Service	рестораном	751	761	positive
36512	B-Food	меню	367	371	neutral
36512	B-Interior	декорировании	839	852	positive
36512	B-Interior	свадебного	853	863	positive
36512	I-Interior	зала	864	868	positive
36512	B-Service	организовала	880	892	positive
36512	B-Whole	ресторан	50	58	positive
36512	B-Food	покушать	1030	1038	neutral
36512	B-Whole	Ресторан	1066	1074	neutral
11532	B-Food	пообедать	43	52	neutral
11532	B-Whole	ресторане	55	64	positive
11532	B-Whole	Море	95	99	neutral
11532	B-Interior	Интерьер	165	173	positive
11532	B-Whole	места	192	197	None
11532	B-Interior	аквариум	237	245	positive
11532	I-Food	с	8	9	positive
11532	B-Service	официанты	297	306	negative
11532	B-Price	Цены	365	369	positive
11532	B-Whole	заведению	385	394	neutral
11532	B-Food	Кофе	396	400	positive
11532	B-Food	чай	402	405	positive
11532	I-Food	с	8	9	positive
11532	I-Food	мятой	408	413	positive
11532	B-Food	Кушали	424	430	None
11532	I-Food	цезарь	431	437	positive
11532	I-Food	с	8	9	positive
11532	I-Food	тунцом	440	446	positive
11532	B-Food	тунец	462	467	positive
11532	B-Food	суп-пюре	470	478	positive
11532	I-Food	картофельный	479	491	positive
11532	B-Food	ягодный	547	554	neutral
11532	I-Food	сорбет	555	561	neutral
11532	B-Food	пасту	565	570	positive
11532	I-Food	с	8	9	positive
11532	I-Food	морепродуктами	573	587	positive
11532	B-Food	десерт	620	626	positive
11532	I-Food	мороженое	627	636	positive
11532	B-Food	мороженого	682	692	positive
11532	B-Service	Обслуживают	708	719	positive
11532	B-Price	счет	764	768	positive
11532	B-Price	счет	764	768	positive
11532	B-Service	официанты	297	306	negative
11532	B-Food	Хлебная	925	932	positive
11532	I-Food	корзинка	933	941	positive
11532	B-Whole	террасу	1086	1093	None
5155	B-Whole	заведения	14	23	positive
5155	B-Food	кухня	47	52	positive
5155	B-Service	обслуживание	66	78	positive
5155	B-Food	баклажаны	88	97	positive
5155	B-Whole	заведении	111	120	neutral
5155	B-Food	меню	136	140	None
5155	B-Food	блюда	147	152	positive
5155	B-Food	запеченных	204	214	positive
5155	I-Food	баклажан	88	96	positive
5155	B-Food	сырной	251	257	positive
5155	I-Food	корочкой	258	266	positive
5155	I-Food	и	11	12	positive
5155	I-Food	базиликом	269	278	positive
5155	B-Food	суп	294	297	positive
5155	I-Food	из	160	162	positive
5155	I-Food	морепрдуктов	301	313	positive
5155	B-Interior	музыка	399	405	None
5155	B-Interior	залов	430	435	positive
5155	B-Food	выпили	471	477	positive
5155	B-Food	глинтвейн	494	503	positive
31004	B-Interior	зал	168	171	None
31004	B-Interior	Интерьер	271	279	positive
31004	B-Food	блюда	303	308	negative
31004	B-Food	курицы	343	349	neutral
31004	B-Food	конину	375	381	negative
31004	B-Food	Горячее	384	391	negative
31004	B-Food	конину	375	381	negative
31004	B-Food	вкуса	515	520	None
31004	B-Food	блюда	303	308	negative
31004	B-Food	соли	603	607	negative
31004	B-Food	специй	617	623	negative
31004	B-Food	пресная	636	643	negative
31004	B-Food	еда	644	647	negative
31004	B-Service	официанты	688	697	negative
31004	B-Food	специй	617	623	negative
31004	B-Service	Сервировано	758	769	negative
31004	B-Food	Доесть	784	790	negative
31004	B-Food	салат	851	856	positive
31004	I-Food	из	340	342	positive
31004	I-Food	зелени	860	866	positive
31004	I-Food	и	3	4	positive
31004	I-Food	овощей	869	875	positive
31004	B-Price	Цены	908	912	negative
31004	B-Food	кухне	943	948	negative
2606	B-Whole	заведения	23	32	neutral
2606	B-Whole	Местечко	87	95	positive
2606	B-Interior	интерьер	104	112	positive
2606	B-Food	кухня	151	156	positive
2606	B-Service	официантка	201	211	negative
2606	I-Service	принесла	212	220	positive
2606	I-Service	меню	221	225	positive
2606	B-Food	пиво	297	301	neutral
2606	B-Food	закуски	315	322	neutral
2606	B-Service	официантка	201	211	negative
2606	B-Price	счет	502	506	negative
2606	B-Service	официантка	201	211	negative
2606	B-Price	счет	502	506	negative
2606	B-Whole	заведение	788	797	negative
3552	B-Food	пицца	92	97	positive
3552	B-Food	салаты	100	106	positive
3552	I-Food	на	34	36	positive
3552	I-Food	закуску	110	117	positive
3552	B-Food	выбор	127	132	positive
3552	I-Food	горячих	133	140	positive
3552	I-Food	блюд	141	145	positive
3552	B-Food	качеством	185	194	positive
3552	I-Food	приготовления	195	208	positive
3552	B-Food	блюдами	226	233	positive
3552	B-Food	торт	252	256	positive
3552	I-Food	тирамису	257	265	positive
3552	B-Food	десерт	269	275	positive
3552	B-Whole	места	331	336	None
3552	B-Interior	музыка	415	421	positive
3552	B-Service	официанты	442	451	positive
3552	B-Service	администраторы	454	468	positive
3552	B-Interior	обстановку	520	530	positive
29395	B-Whole	Ресторан	0	8	positive
29395	B-Whole	ресторане	89	98	neutral
29395	B-Food	Кухня	204	209	positive
29395	B-Service	обслуживание	225	237	positive
29395	B-Service	ждать	256	261	None
29395	I-Service	меню	262	266	None
29395	B-Whole	ресторанах	302	312	negative
29395	B-Food	блюда	343	348	neutral
29395	B-Food	шампанское	350	360	positive
29395	B-Food	шампанское	350	360	positive
29395	B-Food	кушали	510	516	positive
29395	B-Food	кушали	510	516	positive
29395	B-Food	едой	555	559	positive
29395	B-Whole	ресторане	89	98	neutral
29395	B-Interior	музыка	657	663	positive
29395	B-Whole	ресторан	89	97	neutral
29395	B-Whole	ТБИЛИСО	933	940	positive
7154	B-Food	салаты	240	246	positive
7154	B-Food	вино	267	271	positive
7154	B-Interior	музыку	346	352	positive
7154	I-Interior	из	353	355	None
7154	B-Whole	место	393	398	positive
35325	B-Whole	местечко	22	30	positive
35325	B-Price	ценник	40	46	positive
35325	B-Food	блюда	50	55	None
35325	B-Interior	Интерьер	57	65	positive
35325	B-Service	сервис	68	74	positive
35325	B-Whole	место	103	108	positive
35325	B-Food	Блюда	138	143	both
35325	B-Whole	места	242	247	None
35325	B-Interior	кол-во	253	259	negative
35325	I-Interior	людей	260	265	negative
35325	B-Service	официанты	318	327	negative
35325	B-Food	повара	330	336	negative
35325	B-Service	обслуживания	392	404	negative
35325	B-Whole	место	103	108	positive
5974	B-Interior	интерьер	9	17	positive
5974	B-Interior	атмосфера	28	37	positive
5974	B-Interior	живая	40	45	positive
5974	I-Interior	музыка	46	52	positive
5974	B-Food	оформление	77	87	positive
5974	I-Food	блюд	88	92	positive
5974	B-Whole	ресторан	156	164	None
5974	B-Food	меню	274	278	None
5974	B-Service	обслуживание	298	310	negative
5974	B-Service	поваров	321	328	negative
5974	B-Service	официантов	333	343	negative
5974	B-Service	Ждал	346	350	negative
5974	B-Price	цена	458	462	None
5974	B-Service	официантка	497	507	negative
5974	B-Price	Счет	694	698	negative
5974	B-Service	официантка	497	507	negative
5974	B-Whole	Общее	847	852	both
5974	I-Whole	мнение	853	859	both
5974	B-Whole	места	880	885	both
19817	B-Food	поужинать	30	39	positive
19817	B-Interior	атмосфера	87	96	positive
19817	B-Interior	музыка	112	118	positive
19817	B-Whole	заведении	252	261	positive
19817	B-Food	Кухня	306	311	positive
19817	B-Food	японскую	344	352	neutral
19817	I-Food	кухню	353	358	neutral
19817	B-Price	ценам	414	419	positive
19817	B-Food	Рыба	421	425	positive
19817	B-Food	ассортимента	481	493	both
19817	I-Food	роллов	494	500	both
19817	B-Food	Супы	535	539	positive
19817	B-Food	свежевыжатые	577	589	positive
19817	I-Food	соки	590	594	positive
19817	B-Food	европейское	623	634	positive
19817	I-Food	меню	635	639	positive
19817	B-Food	Драники	657	664	positive
19817	I-Food	с	9	10	positive
19817	I-Food	беконом	667	674	positive
19817	B-Food	порция	691	697	positive
19817	B-Service	обслуживанием	727	740	positive
19817	B-Service	официантку	783	793	negative
19817	B-Food	меню	635	639	positive
19817	B-Price	скидочную	1009	1018	positive
19817	I-Price	карту	1019	1024	positive
19817	B-Price	Скидки	1026	1032	positive
19817	B-Service	обслуживанием	727	740	positive
19817	B-Whole	место	1183	1188	positive
19817	B-Food	суши	1221	1225	positive
19817	B-Food	роллы	1228	1233	positive
9216	B-Whole	ресторан	14	22	neutral
9216	B-Interior	зал	102	105	positive
9216	I-Food	с	16	17	None
9216	B-Service	обслуживание	137	149	negative
9216	B-Whole	ресторан	14	22	neutral
9216	B-Service	встретили	344	353	None
9216	B-Interior	зал	102	105	positive
9216	B-Food	хлеб	425	429	neutral
9216	B-Food	напитки	431	438	neutral
9216	B-Food	холодные	441	449	neutral
9216	B-Food	порции	783	789	negative
9216	B-Food	еды	853	856	negative
9216	B-Food	кухня	897	902	None
9216	B-Food	торт	1002	1006	None
8996	B-Whole	пабе	18	22	positive
8996	I-Whole	Метрополь	23	32	positive
8996	B-Service	швейцар	83	90	positive
8996	B-Service	хостес	107	113	None
8996	B-Interior	гардеробная	146	157	positive
8996	B-Interior	лестница	168	176	positive
8996	B-Interior	Интерьер	178	186	positive
8996	B-Whole	заведение	230	239	positive
8996	B-Whole	пабе	18	22	positive
8996	B-Interior	стулья	300	306	positive
8996	B-Interior	телевизоры	313	323	positive
8996	B-Service	официант	388	396	positive
8996	B-Service	запоминал	431	440	positive
8996	B-Price	цены	484	488	neutral
8996	B-Food	ужин	529	533	None
8996	I-Food	с	5	6	None
8996	B-Food	пивом	536	541	None
8996	B-Whole	месте	670	675	positive
8996	B-Food	Порции	696	702	positive
8996	B-Food	пиво	536	540	positive
8996	B-Food	блюда	733	738	None
8996	B-Whole	впечатления	808	819	positive
8996	I-Whole	от	67	69	positive
8996	I-Whole	паба	823	827	positive
8996	B-Service	персоналу	848	857	positive
8996	B-Interior	красоту	955	962	positive
8996	B-Interior	интерьеры	967	976	positive
38299	B-Whole	заведение	74	83	neutral
38299	B-Whole	заведение	74	83	neutral
38299	B-Interior	обстановка	211	221	positive
38299	B-Service	обслуживание	236	248	positive
38299	B-Interior	диванчики	258	267	positive
38299	B-Interior	Интерьер	341	349	positive
38299	B-Interior	гостиная	457	465	positive
38299	I-Interior	комната	466	473	None
38299	B-Service	Официанта	519	528	positive
38299	B-Service	подошли	561	568	positive
38299	I-Service	и	11	12	None
38299	I-Service	приняли	571	578	positive
38299	I-Service	заказ	579	584	positive
38299	B-Food	еды	618	621	None
38299	B-Food	салат	633	638	neutral
38299	I-Food	с	26	27	neutral
38299	B-Service	официант	662	670	positive
38299	B-Food	дораду	674	680	neutral
38299	B-Service	молодой	704	711	None
38299	I-Service	человек	483	490	None
38299	B-Food	салат	633	638	neutral
38299	I-Food	с	26	27	neutral
38299	B-Food	стейк	769	774	positive
38299	I-Food	рибай	775	780	neutral
38299	B-Food	напитков	785	793	None
38299	B-Food	коктейли	812	820	neutral
38299	I-Food	из	279	281	None
38299	B-Food	порции	899	905	positive
38299	I-Food	с	26	27	neutral
38299	B-Food	кусок	981	986	positive
38299	I-Food	мяса	987	991	positive
38299	I-Food	с	26	27	neutral
38299	B-Service	мужчина	1020	1027	None
37819	B-Whole	ресторан	21	29	neutral
37819	B-Whole	кафе	93	97	neutral
37819	B-Whole	Кон-Коронель	99	111	positive
37819	B-Whole	месте	214	219	positive
37819	B-Interior	шоу	282	285	positive
37819	I-Interior	программа	286	295	positive
37819	B-Interior	ведущая	298	305	positive
37819	B-Interior	атмосферу	398	407	positive
37819	B-Food	кухни	418	423	positive
37819	B-Service	обслуживания	426	438	positive
37819	B-Service	официанты	464	473	positive
37819	B-Food	банкетного	533	543	positive
37819	I-Food	меню	544	548	positive
37819	B-Service	администратору	580	594	positive
37819	I-Service	Ирине	595	600	positive
37819	B-Whole	ресторану	745	754	positive
37819	B-Service	персоналу	763	772	positive
37819	B-Whole	выбора	820	826	neutral
37819	I-Whole	места	827	832	neutral
37819	B-Whole	Кон-Коронель	99	111	positive
11770	B-Whole	пабе	16	20	positive
11770	B-Food	пиво	49	53	positive
11770	B-Food	сырные	55	61	positive
11770	I-Food	палочки	62	69	positive
11770	B-Service	обслуживание	79	91	positive
11770	B-Whole	ресторане	117	126	neutral
11770	B-Whole	ресторан	117	125	positive
11770	B-Food	блюда	267	272	negative
11770	B-Food	ягод	310	314	negative
11770	B-Food	фрукта	319	325	negative
11770	B-Food	специй	342	348	negative
11770	B-Food	мясе	351	355	negative
11770	B-Food	доесть	405	411	negative
11770	B-Food	мясо	448	452	positive
11770	B-Food	стейк	462	467	positive
11770	B-Food	стейка	547	553	positive
11770	B-Food	мясо	448	452	positive
11770	I-Food	полусырое	665	674	positive
11770	B-Food	повара	800	806	positive
11770	B-Food	стейк	462	467	positive
11770	B-Food	блюдо	896	901	positive
11770	I-Food	тартар	902	908	positive
11770	I-Food	с	37	38	positive
11770	I-Food	сырой	911	916	positive
11770	I-Food	рыбой	917	922	positive
11770	I-Food	и	34	35	positive
11770	I-Food	сырым	925	930	positive
11770	I-Food	яйцом	931	936	positive
11770	B-Service	Официанты	938	947	positive
11770	B-Service	обстановкая	976	987	positive
11770	B-Whole	ресторан	117	125	positive
